1,2015/1/1,100,100,100,0,0,5496.71,2872.33,27256.6,0,0,0000-00-00 00:00:00,0000-00-00 00:00:00
2,2015/1/5,99.3252,99.4811,99.5913,0,0,5459.62,2857.42,27145.2,0,0,0000-00-00 00:00:00,0000-00-00 00:00:00
3,2015/1/6,103.765,102.562,102.641,0,0,5703.68,2945.92,27976.5,0,0,0000-00-00 00:00:00,0000-00-00 00:00:00
4,2015/1/7,105.756,102.137,107.948,0,0,5813.08,2933.72,29422.9,0,0,0000-00-00 00:00:00,0000-00-00 00:00:00
5,2015/1/8,99.8683,97.0077,98.6522,0,0,5489.47,2786.38,26889.3,0,0,0000-00-00 00:00:00,0000-00-00 00:00:00
6,2015/1/9,100.275,96.8392,98.2118,0,0,5511.84,2781.54,26769.2,0,0,0000-00-00 00:00:00,0000-00-00 00:00:00
7,2015/1/11,100.175,97.4543,98.072,0,0,5506.32,2799.21,26731.1,0,0,0000-00-00 00:00:00,0000-00-00 00:00:00
8,2015/1/12,99.2903,97.8681,98.4496,0,0,5457.69,2811.09,26834,0,0,0000-00-00 00:00:00,0000-00-00 00:00:00
9,2015/1/13,101.848,98.973,98.4777,0,0,5598.27,2842.83,26841.7,0,0,0000-00-00 00:00:00,0000-00-00 00:00:00
10,2015/1/14,107.057,98.9411,100.088,0,0,5884.59,2841.91,27280.7,0,0,0000-00-00 00:00:00,0000-00-00 00:00:00
11,2015/1/15,104.036,99.4613,99.2865,0,0,5718.56,2856.85,27062.2,0,0,0000-00-00 00:00:00,0000-00-00 00:00:00
12,2015/1/16,104.568,100.025,98.8,0,0,5747.81,2873.04,26929.6,0,0,0000-00-00 00:00:00,0000-00-00 00:00:00
13,2015/1/18,106.197,101.27,100.298,0,0,5837.33,2908.8,27338,0,0,0000-00-00 00:00:00,0000-00-00 00:00:00
14,2015/1/19,106.693,101.886,102.84,0,0,5864.6,2926.49,28030.6,0,0,0000-00-00 00:00:00,0000-00-00 00:00:00
15,2015/1/20,112.378,105.236,103.807,0,0,6177.08,3022.72,28294.3,0,0,0000-00-00 00:00:00,0000-00-00 00:00:00
16,2015/1/21,109.548,102.713,101.35,0,0,6021.55,2950.25,27624.6,0,0,0000-00-00 00:00:00,0000-00-00 00:00:00
17,2015/1/22,109.227,102.724,103.386,0,0,6003.91,2950.56,28179.6,0,0,0000-00-00 00:00:00,0000-00-00 00:00:00
18,2015/1/23,111.973,105.187,102.034,0,0,6154.83,3021.31,27811,0,0,0000-00-00 00:00:00,0000-00-00 00:00:00
19,2015/1/26,111.466,104.958,101.447,0,0,6126.98,3014.74,27651,0,0,0000-00-00 00:00:00,0000-00-00 00:00:00
20,2015/1/27,113.362,106.885,100.431,0,0,6231.15,3070.09,27374.1,0,0,0000-00-00 00:00:00,0000-00-00 00:00:00
21,2015/1/28,107.424,96.7224,101.782,0,0,5904.77,2778.18,27742.3,0,0,0000-00-00 00:00:00,0000-00-00 00:00:00
22,2015/1/29,110.396,104.515,98.6273,0,0,6068.16,3002.01,26882.5,0,0,0000-00-00 00:00:00,0000-00-00 00:00:00
23,2015/1/30,112.727,106.374,99.0926,0,0,6196.27,3055.42,27009.3,0,0,0000-00-00 00:00:00,0000-00-00 00:00:00
24,2015/2/1,113.124,106.54,99.1124,0,0,6218.12,3060.16,27014.7,0,0,0000-00-00 00:00:00,0000-00-00 00:00:00
25,2015/2/2,111.695,105.235,99.6733,0,0,6139.52,3022.68,27167.6,0,0,0000-00-00 00:00:00,0000-00-00 00:00:00
26,2015/2/3,100.111,101.378,80.4152,0,0,5502.78,2911.91,21918.5,0,0,0000-00-00 00:00:00,0000-00-00 00:00:00
27,2015/2/4,100.506,101.967,78.4543,0,0,5524.51,2928.82,21384,0,0,0000-00-00 00:00:00,0000-00-00 00:00:00
28,2015/2/5,100.77,102.349,78.8778,0,0,5539.05,2939.8,21499.4,0,0,0000-00-00 00:00:00,0000-00-00 00:00:00
29,2015/2/6,102.177,103.16,82.9363,0,0,5616.39,2963.09,22605.6,0,0,0000-00-00 00:00:00,0000-00-00 00:00:00
30,2015/2/9,97.8508,99.0182,77.8749,0,0,5378.57,2844.13,21226.1,0,0,0000-00-00 00:00:00,0000-00-00 00:00:00
31,2015/2/10,97.9051,99.6703,76.2836,0,0,5381.55,2862.86,20792.4,0,0,0000-00-00 00:00:00,0000-00-00 00:00:00
32,2015/2/11,97.3383,99.5645,74.4491,0,0,5350.4,2859.82,20292.3,0,0,0000-00-00 00:00:00,0000-00-00 00:00:00
33,2015/2/12,101.259,101.806,85.3862,0,0,5565.89,2924.19,23273.4,0,0,0000-00-00 00:00:00,0000-00-00 00:00:00
34,2015/2/16,97.771,99.0538,86.3733,0,0,5374.19,2845.15,23542.5,0,0,0000-00-00 00:00:00,0000-00-00 00:00:00
35,2015/2/17,99.9051,101.43,87.2813,0,0,5491.49,2913.4,23789.9,0,0,0000-00-00 00:00:00,0000-00-00 00:00:00
36,2015/2/18,99.0303,100.307,85.3339,0,0,5443.4,2881.15,23259.2,0,0,0000-00-00 00:00:00,0000-00-00 00:00:00
37,2015/2/19,99.0855,100.369,85.153,0,0,5446.44,2882.94,23209.8,0,0,0000-00-00 00:00:00,0000-00-00 00:00:00
38,2015/2/20,95.2565,98.8091,83.3882,0,0,5235.97,2838.12,22728.8,0,0,0000-00-00 00:00:00,0000-00-00 00:00:00
39,2015/2/23,93.7156,96.7142,86.8629,0,0,5151.27,2777.95,23675.9,0,0,0000-00-00 00:00:00,0000-00-00 00:00:00
40,2015/2/24,94.8852,97.0686,89.5046,0,0,5215.56,2788.13,24396,0,0,0000-00-00 00:00:00,0000-00-00 00:00:00
41,2015/2/25,97.4691,98.7652,87.7565,0,0,5357.59,2836.86,23919.5,0,0,0000-00-00 00:00:00,0000-00-00 00:00:00
42,2015/2/26,95.0177,96.8211,84.7795,0,0,5222.84,2781.02,23108,0,0,0000-00-00 00:00:00,0000-00-00 00:00:00
43,2015/3/2,98.8441,97.8957,87.9835,0,0,5433.17,2811.89,23981.3,0,0,0000-00-00 00:00:00,0000-00-00 00:00:00
44,2015/3/3,100.931,99.3963,88.8899,0,0,5547.87,2854.99,24228.4,0,0,0000-00-00 00:00:00,0000-00-00 00:00:00
45,2015/3/4,99.0032,97.7145,92.3173,0,0,5441.91,2806.68,25162.6,0,0,0000-00-00 00:00:00,0000-00-00 00:00:00
46,2015/3/5,93.2539,92.93,85.918,0,0,5125.89,2669.25,23418.4,0,0,0000-00-00 00:00:00,0000-00-00 00:00:00
47,2015/3/6,90.7011,91.8797,86.2928,0,0,4985.57,2639.09,23520.5,0,0,0000-00-00 00:00:00,0000-00-00 00:00:00
48,2015/3/9,88.5129,92.1354,88.7603,0,0,4865.29,2646.43,24193.1,0,0,0000-00-00 00:00:00,0000-00-00 00:00:00
49,2015/3/10,90.3162,91.0924,88.652,0,0,4964.42,2616.47,24163.6,0,0,0000-00-00 00:00:00,0000-00-00 00:00:00
50,2015/3/11,85.0313,89.3305,83.6149,0,0,4673.92,2565.86,22790.6,0,0,0000-00-00 00:00:00,0000-00-00 00:00:00
51,2015/3/12,85.0526,90.1092,83.1378,0,0,4675.09,2588.23,22660.6,0,0,0000-00-00 00:00:00,0000-00-00 00:00:00
52,2015/3/16,91.8007,89.5954,84.9158,0,0,5046.02,2573.47,23145.2,0,0,0000-00-00 00:00:00,0000-00-00 00:00:00
53,2015/3/18,93.3517,89.1137,89.7049,0,0,5131.27,2559.64,24450.5,0,0,0000-00-00 00:00:00,0000-00-00 00:00:00
54,2015/3/19,92.4897,88.5278,91.3883,0,0,5083.88,2542.81,24909.4,0,0,0000-00-00 00:00:00,0000-00-00 00:00:00
55,2015/3/20,92.3409,89.2882,88.296,0,0,5075.71,2564.65,24066.5,0,0,0000-00-00 00:00:00,0000-00-00 00:00:00
56,2015/3/22,94.1253,92.0887,91.6171,0,0,5173.79,2645.09,24971.7,0,0,0000-00-00 00:00:00,0000-00-00 00:00:00
57,2015/3/23,97.5767,93.4028,96.6661,0,0,5363.5,2682.83,26347.9,0,0,0000-00-00 00:00:00,0000-00-00 00:00:00
58,2015/3/24,94.4152,91.4995,93.9703,0,0,5189.73,2628.17,25613.1,0,0,0000-00-00 00:00:00,0000-00-00 00:00:00
59,2015/3/25,93.6877,91.5764,91.5457,0,0,5149.74,2630.37,24952.3,0,0,0000-00-00 00:00:00,0000-00-00 00:00:00
60,2015/3/26,93.7709,91.4519,92.4708,0,0,5154.31,2626.8,25204.4,0,0,0000-00-00 00:00:00,0000-00-00 00:00:00
61,2015/3/30,94.1914,86.5563,82.8943,0,0,5177.42,2486.18,22594.2,0,0,0000-00-00 00:00:00,0000-00-00 00:00:00
63,2015/4/1,97.1193,92.9366,94.0506,0,0,5338.36,2669.44,25635,0,0,0000-00-00 00:00:00,0000-00-00 00:00:00
64,2015/4/2,97.266,93.3821,95.2609,0,0,5346.43,2682.24,25964.9,0,0,0000-00-00 00:00:00,0000-00-00 00:00:00
65,2015/4/5,96.8139,92.8448,93.8423,0,0,5321.58,2666.81,25578.3,0,0,0000-00-00 00:00:00,0000-00-00 00:00:00
66,2015/4/6,98.5237,93.4585,97.9991,0,0,5415.56,2684.43,26711.3,0,0,0000-00-00 00:00:00,0000-00-00 00:00:00
67,2015/4/7,88.4438,84.9591,90.5687,0,0,4861.5,2440.3,24686,0,0,0000-00-00 00:00:00,0000-00-00 00:00:00
68,2015/4/8,97.2708,92.3714,99.1549,0,0,5346.69,2653.21,27026.3,0,0,0000-00-00 00:00:00,0000-00-00 00:00:00
69,2015/4/9,100.465,95.226,97.2875,0,0,5522.25,2735.2,26517.3,0,0,0000-00-00 00:00:00,0000-00-00 00:00:00
70,2015/4/10,99.9687,94.6513,100.207,0,0,5494.99,2718.7,27313.1,0,0,0000-00-00 00:00:00,0000-00-00 00:00:00
71,2015/4/13,100.911,95.0389,100.166,0,0,5546.77,2729.83,27301.9,0,0,0000-00-00 00:00:00,0000-00-00 00:00:00
72,2015/4/14,100.486,95.3862,98.0483,0,0,5523.43,2739.8,26724.7,0,0,0000-00-00 00:00:00,0000-00-00 00:00:00
73,2015/4/15,112.18,99.7249,107.226,0,0,6166.18,2864.42,29226.1,0,0,0000-00-00 00:00:00,0000-00-00 00:00:00
74,2015/4/17,100.924,95.4843,110.981,0,0,5547.49,2742.62,30249.8,0,0,0000-00-00 00:00:00,0000-00-00 00:00:00
75,2015/4/20,98.7423,95.1058,110.595,0,0,5427.57,2731.75,30144.4,0,0,0000-00-00 00:00:00,0000-00-00 00:00:00
76,2015/4/21,99.7731,96.3041,110.368,0,0,5484.23,2766.17,30082.5,0,0,0000-00-00 00:00:00,0000-00-00 00:00:00
77,2015/4/22,99.64,95.9863,107.138,0,0,5476.92,2757.04,29202.2,0,0,0000-00-00 00:00:00,0000-00-00 00:00:00
78,2015/4/23,101.058,95.9524,109.685,0,0,5554.87,2756.07,29896.5,0,0,0000-00-00 00:00:00,0000-00-00 00:00:00
79,2015/4/24,101.853,96.6517,109.705,0,0,5598.59,2776.15,29901.8,0,0,0000-00-00 00:00:00,0000-00-00 00:00:00
80,2015/4/27,116.873,103.525,109.455,0,0,6424.14,2973.58,29833.6,0,0,0000-00-00 00:00:00,0000-00-00 00:00:00
81,2015/4/28,112.645,101.59,102.454,0,0,6191.79,2918.01,27925.4,0,0,0000-00-00 00:00:00,0000-00-00 00:00:00
82,2015/4/30,112.984,101.267,94.5126,0,0,6210.38,2908.72,25761,0,0,0000-00-00 00:00:00,0000-00-00 00:00:00
83,2015/5/1,112.863,101.223,95.7199,0,0,6203.74,2907.44,26090,0,0,0000-00-00 00:00:00,0000-00-00 00:00:00
84,2015/5/4,111.995,101.202,85.7114,0,0,6156.03,2906.85,23362,0,0,0000-00-00 00:00:00,0000-00-00 00:00:00
85,2015/5/7,116.171,102.167,93.7182,0,0,6385.6,2934.57,25544.4,0,0,0000-00-00 00:00:00,0000-00-00 00:00:00
86,2015/5/11,116.022,102.821,93.9333,0,0,6377.39,2953.35,25603.1,0,0,0000-00-00 00:00:00,0000-00-00 00:00:00
87,2015/5/13,121.131,106.198,109.754,0,0,6658.2,3050.36,29915.3,0,0,0000-00-00 00:00:00,0000-00-00 00:00:00
88,2015/5/15,120.483,105.291,108.619,0,0,6622.61,3024.29,29606,0,0,0000-00-00 00:00:00,0000-00-00 00:00:00
89,2015/5/18,104.984,99.3254,70.7537,0,0,5770.67,2852.95,19285.1,0,0,0000-00-00 00:00:00,0000-00-00 00:00:00
90,2015/5/19,105.269,100.749,70.5448,0,0,5786.33,2893.85,19228.1,0,0,0000-00-00 00:00:00,0000-00-00 00:00:00
91,2015/5/21,100.68,99.5954,68.2251,0,0,5534.11,2860.71,18595.9,0,0,0000-00-00 00:00:00,0000-00-00 00:00:00
92,2015/5/25,101.904,96.9604,68.9226,0,0,5601.37,2785.02,18786,0,0,0000-00-00 00:00:00,0000-00-00 00:00:00
93,2015/5/26,101.867,96.9562,67.8377,0,0,5599.33,2784.9,18490.3,0,0,0000-00-00 00:00:00,0000-00-00 00:00:00
94,2015/5/27,98.5874,92.5796,65.2869,0,0,5419.06,2659.19,17795,0,0,0000-00-00 00:00:00,0000-00-00 00:00:00
95,2015/6/1,96.8393,91.3654,61.7196,0,0,5322.97,2624.31,16822.7,0,0,0000-00-00 00:00:00,0000-00-00 00:00:00
96,2015/6/2,97.5779,92.795,62.6717,0,0,5363.57,2665.37,17082.2,0,0,0000-00-00 00:00:00,0000-00-00 00:00:00
97,2015/6/9,94.0295,94.3255,59.3223,0,0,5168.52,2709.34,16169.3,0,0,0000-00-00 00:00:00,0000-00-00 00:00:00
98,2015/6/11,93.5292,93.2422,54.7196,0,0,5141.03,2678.22,14914.7,0,0,0000-00-00 00:00:00,0000-00-00 00:00:00
99,2015/6/15,91.7913,90.841,53.5982,0,0,5045.5,2609.25,14609.1,0,0,0000-00-00 00:00:00,0000-00-00 00:00:00
100,2015/6/16,90.1856,89.2677,52.2107,0,0,4957.23,2564.06,14230.9,0,0,0000-00-00 00:00:00,0000-00-00 00:00:00
101,2015/6/18,90.6479,88.3864,56.0639,0,0,4982.65,2538.75,15281.1,0,0,0000-00-00 00:00:00,0000-00-00 00:00:00
102,2015/6/22,90.0448,87.7712,56.4281,0,0,4949.5,2521.08,15380.4,0,0,0000-00-00 00:00:00,0000-00-00 00:00:00
103,2015/6/23,91.5696,89.2089,58.043,0,0,5033.31,2562.37,15820.6,0,0,0000-00-00 00:00:00,0000-00-00 00:00:00
104,2015/6/24,89.2623,87.2867,57.7864,0,0,4906.48,2507.16,15750.6,0,0,0000-00-00 00:00:00,0000-00-00 00:00:00
105,2015/6/25,89.3912,86.6375,59.136,0,0,4913.57,2488.51,16118.5,0,0,0000-00-00 00:00:00,0000-00-00 00:00:00
106,2015/6/30,91.546,88.2306,62.734,0,0,5032.01,2534.27,17099.2,0,0,0000-00-00 00:00:00,0000-00-00 00:00:00
110,2015/7/9,92.302,90.0494,63.4042,0,0,5073.57,2586.51,17281.9,0,0,0000-00-00 00:00:00,0000-00-00 00:00:00
111,2015/7/12,89.8041,85.2191,65.9319,0,0,4936.27,2447.77,17970.8,0,0,0000-00-00 00:00:00,0000-00-00 00:00:00
112,2015/7/13,89.9343,85.4793,65.8671,0,0,4943.43,2455.24,17953.2,0,0,0000-00-00 00:00:00,0000-00-00 00:00:00
113,2015/7/14,91.9735,85.7863,68.407,0,0,5055.51,2464.06,18645.4,0,0,0000-00-00 00:00:00,0000-00-00 00:00:00
114,2015/7/15,93.0864,86.9954,69.3887,0,0,5116.69,2498.79,18913,0,0,0000-00-00 00:00:00,0000-00-00 00:00:00
115,2015/7/16,93.2457,85.9239,67.4451,0,0,5125.44,2468.01,18383.3,0,0,0000-00-00 00:00:00,0000-00-00 00:00:00
116,2015/7/19,93.325,87.3235,64.0515,0,0,5129.8,2508.22,17458.3,0,0,0000-00-00 00:00:00,0000-00-00 00:00:00
117,2015/7/20,93.3177,87.3332,63.114,0,0,5129.4,2508.49,17202.8,0,0,0000-00-00 00:00:00,0000-00-00 00:00:00
118,2015/7/21,91.8305,85.8772,65.8323,0,0,5047.65,2466.67,17943.7,0,0,0000-00-00 00:00:00,0000-00-00 00:00:00
119,2015/7/22,91.3091,84.4953,63.6518,0,0,5018.99,2426.98,17349.3,0,0,0000-00-00 00:00:00,0000-00-00 00:00:00
120,2015/7/27,92.2079,87.0229,59.4511,0,0,5068.4,2499.58,16204.4,0,0,0000-00-00 00:00:00,0000-00-00 00:00:00
121,2015/7/28,93.4691,87.9433,59.0152,0,0,5137.72,2526.02,16085.6,0,0,0000-00-00 00:00:00,0000-00-00 00:00:00
122,2015/7/29,93.7288,88.2394,58.7484,0,0,5152,2534.52,16012.9,0,0,0000-00-00 00:00:00,0000-00-00 00:00:00
123,2015/7/30,93.7761,88.5114,58.3245,0,0,5154.59,2542.34,15897.3,0,0,0000-00-00 00:00:00,0000-00-00 00:00:00
124,2015/8/3,95.264,89.0443,59.2652,0,0,5236.38,2557.64,16153.7,0,0,0000-00-00 00:00:00,0000-00-00 00:00:00
125,2015/8/4,95.5296,89.4676,60.2796,0,0,5250.98,2569.8,16430.2,0,0,0000-00-00 00:00:00,0000-00-00 00:00:00
126,2015/8/5,95.5939,89.1508,59.9882,0,0,5254.51,2560.7,16350.8,0,0,0000-00-00 00:00:00,0000-00-00 00:00:00
127,2015/8/6,96.2532,89.6029,60.8019,0,0,5290.75,2573.69,16572.6,0,0,0000-00-00 00:00:00,0000-00-00 00:00:00
128,2015/8/10,93.3591,86.9418,59.9705,0,0,5131.68,2497.25,16345.9,0,0,0000-00-00 00:00:00,0000-00-00 00:00:00
129,2015/8/11,95.2786,88.7387,59.7513,0,0,5237.18,2548.87,16286.2,0,0,0000-00-00 00:00:00,0000-00-00 00:00:00
130,2015/8/12,96.783,89.8566,61.8522,0,0,5319.88,2580.98,16858.8,0,0,0000-00-00 00:00:00,0000-00-00 00:00:00
131,2015/8/13,94.9248,88.3983,63.7253,0,0,5217.74,2539.09,17369.4,0,0,0000-00-00 00:00:00,0000-00-00 00:00:00
132,2015/8/16,94.8159,87.8964,62.7534,0,0,5211.75,2524.67,17104.5,0,0,0000-00-00 00:00:00,0000-00-00 00:00:00
133,2015/8/17,95.3702,88.454,65.2193,0,0,5242.22,2540.69,17776.6,0,0,0000-00-00 00:00:00,0000-00-00 00:00:00
134,2015/8/18,95.5814,88.5548,65.0002,0,0,5253.83,2543.58,17716.9,0,0,0000-00-00 00:00:00,0000-00-00 00:00:00
135,2015/8/19,97.0676,89.6114,63.9651,0,0,5335.52,2573.93,17434.7,0,0,0000-00-00 00:00:00,0000-00-00 00:00:00
136,2015/8/20,97.6988,89.4143,63.7957,0,0,5370.22,2568.27,17388.6,0,0,0000-00-00 00:00:00,0000-00-00 00:00:00
137,2015/8/23,100.582,91.1765,65.6466,0,0,5528.7,2618.89,17893.1,0,0,0000-00-00 00:00:00,0000-00-00 00:00:00
138,2015/8/24,97.7221,90.7467,63.2232,0,0,5371.49,2606.54,17232.5,0,0,0000-00-00 00:00:00,0000-00-00 00:00:00
139,2015/8/25,96.9997,91.7904,61.554,0,0,5331.79,2636.52,16777.5,0,0,0000-00-00 00:00:00,0000-00-00 00:00:00
140,2015/8/26,96.5953,91.2183,61.4417,0,0,5309.56,2620.09,16746.9,0,0,0000-00-00 00:00:00,0000-00-00 00:00:00
141,2015/8/28,96.4812,90.454,60.7963,0,0,5303.29,2598.13,16571,0,0,0000-00-00 00:00:00,0000-00-00 00:00:00
142,2015/8/31,96.6925,90.8831,61.2751,0,0,5314.9,2610.46,16701.5,0,0,0000-00-00 00:00:00,0000-00-00 00:00:00
143,2015/9/1,94.4387,89.0408,59.1136,0,0,5191.02,2557.54,16112.4,0,0,0000-00-00 00:00:00,0000-00-00 00:00:00
144,2015/9/3,93.1893,88.5045,61.2625,0,0,5122.34,2542.14,16698.1,0,0,0000-00-00 00:00:00,0000-00-00 00:00:00
145,2015/9/5,89.5232,86.427,57.809,0,0,4920.83,2482.47,15756.8,0,0,0000-00-00 00:00:00,0000-00-00 00:00:00
146,2015/9/6,90.536,87.7609,56.1865,0,0,4976.5,2520.78,15314.6,0,0,0000-00-00 00:00:00,0000-00-00 00:00:00
147,2015/9/9,84.5116,84.874,54.7622,0,0,4645.36,2437.86,14926.3,0,0,0000-00-00 00:00:00,0000-00-00 00:00:00
148,2015/9/10,83.7757,84.994,52.6361,0,0,4604.9,2441.3,14346.8,0,0,0000-00-00 00:00:00,0000-00-00 00:00:00
149,2015/9/11,88.1981,85.4339,56.7894,0,0,4847.99,2453.94,15478.9,0,0,0000-00-00 00:00:00,0000-00-00 00:00:00
150,2015/9/14,90.3649,86.5517,60.2372,0,0,4967.09,2486.05,16418.6,0,0,0000-00-00 00:00:00,0000-00-00 00:00:00
151,2015/9/15,90.5038,86.3176,61.1375,0,0,4974.72,2479.32,16664,0,0,0000-00-00 00:00:00,0000-00-00 00:00:00
152,2015/9/16,92.4463,89.07,61.8687,0,0,5081.5,2558.38,16863.3,0,0,0000-00-00 00:00:00,0000-00-00 00:00:00
153,2015/9/18,91.8077,89.3634,58.7911,0,0,5046.4,2566.81,16024.5,0,0,0000-00-00 00:00:00,0000-00-00 00:00:00
154,2015/9/20,91.7392,89.8604,58.6288,0,0,5042.64,2581.08,15980.2,0,0,0000-00-00 00:00:00,0000-00-00 00:00:00
155,2015/9/24,91.2634,88.5256,58.6042,0,0,5016.48,2542.74,15973.5,0,0,0000-00-00 00:00:00,0000-00-00 00:00:00
156,2015/9/26,87.9943,86.0532,56.724,0,0,4836.79,2471.73,15461,0,0,0000-00-00 00:00:00,0000-00-00 00:00:00
157,2015/9/28,86.2671,82.8861,56.008,0,0,4741.85,2380.76,15265.9,0,0,0000-00-00 00:00:00,0000-00-00 00:00:00
158,2015/9/29,93.362,87.0072,59.1334,0,0,5131.83,2499.13,16117.8,0,0,0000-00-00 00:00:00,0000-00-00 00:00:00
159,2015/10/1,89.498,83.2063,60.2051,0,0,4919.44,2389.96,16409.9,0,0,0000-00-00 00:00:00,0000-00-00 00:00:00
160,2015/10/5,93.5333,85.7502,64.42,0,0,5141.25,2463.03,17558.7,0,0,0000-00-00 00:00:00,0000-00-00 00:00:00
161,2015/10/6,90.3725,82.8874,65.1297,0,0,4967.51,2380.8,17752.2,0,0,0000-00-00 00:00:00,0000-00-00 00:00:00
162,2015/10/8,92.1039,86.5513,64.9351,0,0,5062.68,2486.04,17699.1,0,0,0000-00-00 00:00:00,0000-00-00 00:00:00
163,2015/10/14,81.8952,85.6337,52.3612,0,0,4501.54,2459.68,14271.9,0,0,0000-00-00 00:00:00,0000-00-00 00:00:00
164,2015/10/15,86.2769,82.3776,60.4295,0,0,4742.39,2366.15,16471,0,0,0000-00-00 00:00:00,0000-00-00 00:00:00
165,2015/10/16,89.5189,84.4569,62.6074,0,0,4920.59,2425.88,17064.7,0,0,0000-00-00 00:00:00,0000-00-00 00:00:00
166,2015/10/17,89.1351,84.1525,61.5046,0,0,4899.5,2417.13,16764.1,0,0,0000-00-00 00:00:00,0000-00-00 00:00:00
167,2015/10/19,89.6573,84.2511,62.3779,0,0,4928.2,2419.97,17002.1,0,0,0000-00-00 00:00:00,0000-00-00 00:00:00
168,2015/10/20,88.5409,81.9723,64.8132,0,0,4866.83,2354.51,17665.9,0,0,0000-00-00 00:00:00,0000-00-00 00:00:00
169,2015/10/21,89.8196,83.6113,64.9117,0,0,4937.12,2401.59,17692.7,0,0,0000-00-00 00:00:00,0000-00-00 00:00:00
170,2015/10/22,89.7327,81.6684,67.1278,0,0,4932.34,2345.78,18296.8,0,0,0000-00-00 00:00:00,0000-00-00 00:00:00
171,2015/10/23,93.8048,84.1348,68.3542,0,0,5156.17,2416.62,18631.1,0,0,0000-00-00 00:00:00,0000-00-00 00:00:00
172,2015/10/25,94.9678,84.6861,69.4468,0,0,5220.1,2432.46,18928.9,0,0,0000-00-00 00:00:00,0000-00-00 00:00:00
173,2015/10/26,92.6788,84.3643,67.3038,0,0,5094.28,2423.22,18344.8,0,0,0000-00-00 00:00:00,0000-00-00 00:00:00
174,2015/10/27,93.5395,85.9375,67.3035,0,0,5141.59,2468.41,18344.7,0,0,0000-00-00 00:00:00,0000-00-00 00:00:00
175,2015/10/28,95.4764,88.0064,67.7008,0,0,5248.06,2527.83,18453,0,0,0000-00-00 00:00:00,0000-00-00 00:00:00
176,2015/10/29,96.9503,87.2082,69.6532,0,0,5329.08,2504.9,18985.1,0,0,0000-00-00 00:00:00,0000-00-00 00:00:00
177,2015/10/30,99.8803,88.7364,72.1364,0,0,5490.13,2548.8,19661.9,0,0,0000-00-00 00:00:00,0000-00-00 00:00:00
178,2015/11/2,94.1949,89.2153,60.448,0,0,5177.62,2562.56,16476.1,0,0,0000-00-00 00:00:00,0000-00-00 00:00:00
179,2015/11/3,92.4023,88.3523,58.3839,0,0,5079.08,2537.77,15913.5,0,0,0000-00-00 00:00:00,0000-00-00 00:00:00
180,2015/11/4,96.463,90.2054,60.389,0,0,5302.29,2590.99,16460,0,0,0000-00-00 00:00:00,0000-00-00 00:00:00
181,2015/11/5,93.4046,86.5893,57.2257,0,0,5134.17,2487.13,15597.8,0,0,0000-00-00 00:00:00,0000-00-00 00:00:00
182,2015/11/8,95.4975,88.772,59.2016,0,0,5249.22,2549.82,16136.4,0,0,0000-00-00 00:00:00,0000-00-00 00:00:00
183,2015/11/9,98.248,90.9195,60.3408,0,0,5400.4,2611.5,16446.9,0,0,0000-00-00 00:00:00,0000-00-00 00:00:00
184,2015/11/10,99.262,93.0662,60.219,0,0,5456.14,2673.16,16413.7,0,0,0000-00-00 00:00:00,0000-00-00 00:00:00
185,2015/11/11,99.6182,93.5389,59.3999,0,0,5475.72,2686.74,16190.4,0,0,0000-00-00 00:00:00,0000-00-00 00:00:00
186,2015/11/12,100.833,94.0054,61.0289,0,0,5542.49,2700.14,16634.4,0,0,0000-00-00 00:00:00,0000-00-00 00:00:00
187,2015/11/14,101.541,92.6975,64.8278,0,0,5581.38,2662.58,17669.9,0,0,0000-00-00 00:00:00,0000-00-00 00:00:00
188,2015/11/15,101.691,92.6249,65.2098,0,0,5589.68,2660.49,17774,0,0,0000-00-00 00:00:00,0000-00-00 00:00:00
189,2015/11/16,101.663,92.5023,65.883,0,0,5588.12,2656.97,17957.5,0,0,0000-00-00 00:00:00,0000-00-00 00:00:00
190,2015/11/17,101.357,92.929,64.7501,0,0,5571.32,2669.22,17648.7,0,0,0000-00-00 00:00:00,0000-00-00 00:00:00
191,2015/11/19,101.895,91.8777,67.1115,0,0,5600.85,2639.03,18292.3,0,0,0000-00-00 00:00:00,0000-00-00 00:00:00
192,2015/11/20,100.267,90.2754,64.7074,0,0,5511.39,2593,17637.1,0,0,0000-00-00 00:00:00,0000-00-00 00:00:00
193,2015/11/23,101.301,89.3314,64.7378,0,0,5568.21,2565.89,17645.3,0,0,0000-00-00 00:00:00,0000-00-00 00:00:00
194,2015/11/24,104.328,98.6063,64.888,0,0,5734.61,2832.29,17686.3,0,0,0000-00-00 00:00:00,0000-00-00 00:00:00
195,2015/11/25,105.669,97.409,69.7328,0,0,5808.34,2797.9,19006.8,0,0,0000-00-00 00:00:00,0000-00-00 00:00:00
196,2015/11/26,105.068,97.8314,68.9175,0,0,5775.28,2810.04,18784.6,0,0,0000-00-00 00:00:00,0000-00-00 00:00:00
197,2015/11/27,106.875,99.0117,69.5611,0,0,5874.61,2843.94,18960,0,0,0000-00-00 00:00:00,0000-00-00 00:00:00
198,2015/11/30,106.461,99.8196,70.3067,0,0,5851.87,2867.14,19163.2,0,0,0000-00-00 00:00:00,0000-00-00 00:00:00
199,2015/12/1,106.088,96.7815,70.1791,0,0,5831.34,2779.88,19128.5,0,0,0000-00-00 00:00:00,0000-00-00 00:00:00
200,2015/12/2,103.805,95.3207,66.5156,0,0,5705.83,2737.92,18129.9,0,0,0000-00-00 00:00:00,0000-00-00 00:00:00
201,2015/12/3,103.306,94.6495,66.3684,0,0,5678.4,2718.64,18089.8,0,0,0000-00-00 00:00:00,0000-00-00 00:00:00
202,2015/12/4,103,96.5378,65.9207,0,0,5661.59,2772.88,17967.8,0,0,0000-00-00 00:00:00,0000-00-00 00:00:00
203,2015/12/6,105.499,97.5406,69.2528,0,0,5798.97,2801.68,18876,0,0,0000-00-00 00:00:00,0000-00-00 00:00:00
204,2015/12/7,105.81,97.8264,70.051,0,0,5816.09,2809.89,19093.5,0,0,0000-00-00 00:00:00,0000-00-00 00:00:00
205,2015/12/8,105.777,98.9035,68.1748,0,0,5814.25,2840.83,18582.2,0,0,0000-00-00 00:00:00,0000-00-00 00:00:00
206,2015/12/9,113.881,100.145,76.7647,0,0,6259.73,2876.49,20923.5,0,0,0000-00-00 00:00:00,0000-00-00 00:00:00
207,2015/12/10,113.788,99.8467,76.5826,0,0,6254.61,2867.92,20873.8,0,0,0000-00-00 00:00:00,0000-00-00 00:00:00
208,2015/12/11,112.522,101.73,71.0741,0,0,6185.01,2922.01,19372.4,0,0,0000-00-00 00:00:00,0000-00-00 00:00:00
209,2015/12/13,101.492,94.9443,68.5999,0,0,5578.71,2727.11,18698,0,0,0000-00-00 00:00:00,0000-00-00 00:00:00
210,2015/12/14,112.34,102.559,71.814,0,0,6174.98,2945.82,19574.1,0,0,0000-00-00 00:00:00,0000-00-00 00:00:00
211,2015/12/15,109.959,101.723,67.7855,0,0,6044.13,2921.83,18476,0,0,0000-00-00 00:00:00,0000-00-00 00:00:00
212,2015/12/16,110.286,101.267,67.0767,0,0,6062.1,2908.72,18282.9,0,0,0000-00-00 00:00:00,0000-00-00 00:00:00
213,2015/12/17,110.726,100.461,67.602,0,0,6086.29,2885.55,18426,0,0,0000-00-00 00:00:00,0000-00-00 00:00:00
214,2015/12/18,114.314,101.9,70.2406,0,0,6283.49,2926.9,19145.2,0,0,0000-00-00 00:00:00,0000-00-00 00:00:00
215,2015/12/20,113.437,102.588,68.2161,0,0,6235.3,2946.66,18593.4,0,0,0000-00-00 00:00:00,0000-00-00 00:00:00
216,2015/12/21,112.692,102.644,67.7281,0,0,6194.35,2948.26,18460.4,0,0,0000-00-00 00:00:00,0000-00-00 00:00:00
217,2015/12/22,114.338,105.958,67.0809,0,0,6284.82,3043.46,18284,0,0,0000-00-00 00:00:00,0000-00-00 00:00:00
218,2015/12/23,114.642,107.644,65.7608,0,0,6301.53,3091.89,17924.2,0,0,0000-00-00 00:00:00,0000-00-00 00:00:00
219,2015/12/24,114.192,106.064,67.3166,0,0,6276.82,3046.51,18348.2,0,0,0000-00-00 00:00:00,0000-00-00 00:00:00
220,2015/12/25,119.619,113.315,64.3094,0,0,6575.12,3254.77,17528.6,0,0,0000-00-00 00:00:00,0000-00-00 00:00:00
221,2015/12/27,119.612,113.294,64.2779,0,0,6574.75,3254.17,17520,0,0,0000-00-00 00:00:00,0000-00-00 00:00:00
222,2015/12/28,119.432,112.628,63.7867,0,0,6564.84,3235.05,17386.1,0,0,0000-00-00 00:00:00,0000-00-00 00:00:00
223,2015/12/29,123.104,113.428,72.1523,0,0,6766.64,3258.02,19666.3,0,0,0000-00-00 00:00:00,0000-00-00 00:00:00
224,2015/12/30,123.23,113.884,72.1831,0,0,6773.57,3271.11,19674.7,0,0,0000-00-00 00:00:00,0000-00-00 00:00:00
225,2015/12/31,123.276,114.629,71.618,0,0,6776.1,3292.53,19520.7,0,0,0000-00-00 00:00:00,0000-00-00 00:00:00
226,2016/1/2,123.456,114.354,71.312,0,0,6786.01,3284.61,19437.2,0,0,0000-00-00 00:00:00,0000-00-00 00:00:00
227,2016/1/3,124.54,115.053,71.9463,0,0,6845.61,3304.69,19610.1,0,0,0000-00-00 00:00:00,0000-00-00 00:00:00
228,2016/1/4,124.924,115.08,72.0277,0,0,6866.72,3305.47,19632.3,0,0,0000-00-00 00:00:00,0000-00-00 00:00:00
229,2016/1/5,124.925,115.907,72.6669,0,0,6866.75,3329.22,19806.6,0,0,0000-00-00 00:00:00,0000-00-00 00:00:00
230,2016/1/6,124.266,114.163,71.115,0,0,6830.54,3279.15,19383.6,0,0,0000-00-00 00:00:00,0000-00-00 00:00:00
231,2016/1/7,125.583,115.115,72.3044,0,0,6902.95,3306.48,19707.8,0,0,0000-00-00 00:00:00,0000-00-00 00:00:00
232,2016/1/8,120.108,111.962,70.965,0,0,6601.96,3215.92,19342.7,0,0,0000-00-00 00:00:00,0000-00-00 00:00:00
233,2016/1/11,123.394,111.422,74.941,0,0,6782.62,3200.4,20426.4,0,0,0000-00-00 00:00:00,0000-00-00 00:00:00
234,2016/1/12,120.358,110.419,71.3838,0,0,6615.71,3171.59,19456.8,0,0,0000-00-00 00:00:00,0000-00-00 00:00:00
235,2016/1/13,119.933,109.347,73.1023,0,0,6592.34,3140.79,19925.2,0,0,0000-00-00 00:00:00,0000-00-00 00:00:00
236,2016/1/14,124.635,110.586,75.2441,0,0,6850.82,3176.39,20509,0,0,0000-00-00 00:00:00,0000-00-00 00:00:00
237,2016/1/15,125.315,111.101,76.2057,0,0,6888.19,3191.2,20771.1,0,0,0000-00-00 00:00:00,0000-00-00 00:00:00
238,2016/1/17,123.634,112.741,73.1597,0,0,6795.8,3238.28,19940.9,0,0,0000-00-00 00:00:00,0000-00-00 00:00:00
239,2016/1/18,124.023,112.585,73.6175,0,0,6817.17,3233.82,20065.7,0,0,0000-00-00 00:00:00,0000-00-00 00:00:00
240,2016/1/19,123.766,111.612,71.9017,0,0,6803.05,3205.85,19598,0,0,0000-00-00 00:00:00,0000-00-00 00:00:00
241,2016/1/20,122.355,111.651,71.2456,0,0,6725.49,3206.98,19419.2,0,0,0000-00-00 00:00:00,0000-00-00 00:00:00
242,2016/1/21,123.394,111.406,71.4408,0,0,6782.6,3199.94,19472.4,0,0,0000-00-00 00:00:00,0000-00-00 00:00:00
243,2016/1/22,123.806,111.964,71.9529,0,0,6805.28,3215.96,19611.9,0,0,0000-00-00 00:00:00,0000-00-00 00:00:00
244,2016/1/23,123.885,111.419,72.035,0,0,6809.6,3200.33,19634.3,0,0,0000-00-00 00:00:00,0000-00-00 00:00:00
245,2016/1/25,121.053,110.299,66.3451,0,0,6653.92,3168.13,18083.4,0,0,0000-00-00 00:00:00,0000-00-00 00:00:00
246,2016/1/26,126.342,115.653,71.3157,0,0,6944.64,3321.93,19438.3,0,0,0000-00-00 00:00:00,0000-00-00 00:00:00
247,2016/1/27,126.256,115.179,69.6396,0,0,6939.93,3308.33,18981.4,0,0,0000-00-00 00:00:00,0000-00-00 00:00:00
248,2016/1/28,125.692,114.724,68.5218,0,0,6908.89,3295.25,18676.7,0,0,0000-00-00 00:00:00,0000-00-00 00:00:00
249,2016/1/29,131.053,114.299,75.4935,0,0,7203.61,3283.03,20577,0,0,0000-00-00 00:00:00,0000-00-00 00:00:00
250,2016/1/31,129.492,111.979,74.2109,0,0,7117.77,3216.4,20227.4,0,0,0000-00-00 00:00:00,0000-00-00 00:00:00
251,2016/2/1,128.645,112.461,72.2317,0,0,7071.25,3230.25,19687.9,0,0,0000-00-00 00:00:00,0000-00-00 00:00:00
252,2016/2/2,127.135,112.53,71.6147,0,0,6988.23,3232.23,19519.8,0,0,0000-00-00 00:00:00,0000-00-00 00:00:00
253,2016/2/3,123.405,109.962,65.4605,0,0,6783.2,3158.47,17842.3,0,0,0000-00-00 00:00:00,0000-00-00 00:00:00
254,2016/2/4,125.966,110.315,69.8957,0,0,6923.96,3168.6,19051.2,0,0,0000-00-00 00:00:00,0000-00-00 00:00:00
255,2016/2/5,123.664,108.594,69.3932,0,0,6797.47,3119.18,18914.2,0,0,0000-00-00 00:00:00,0000-00-00 00:00:00
256,2016/2/7,121.215,106.836,66.3293,0,0,6662.84,3068.67,18079.1,0,0,0000-00-00 00:00:00,0000-00-00 00:00:00
257,2016/2/8,120.907,107.252,64.9838,0,0,6645.89,3080.62,17712.4,0,0,0000-00-00 00:00:00,0000-00-00 00:00:00
258,2016/2/9,125.411,110.111,67.4377,0,0,6893.47,3162.75,18381.3,0,0,0000-00-00 00:00:00,0000-00-00 00:00:00
259,2016/2/10,125.125,108.023,70.991,0,0,6877.73,3102.77,19349.8,0,0,0000-00-00 00:00:00,0000-00-00 00:00:00
260,2016/2/11,125.568,108.037,69.8742,0,0,6902.09,3103.18,19045.4,0,0,0000-00-00 00:00:00,0000-00-00 00:00:00
261,2016/2/12,126.363,107.311,71.3397,0,0,6945.82,3082.31,19444.8,0,0,0000-00-00 00:00:00,0000-00-00 00:00:00
262,2016/2/14,125.83,105.642,71.0656,0,0,6916.49,3034.4,19370.1,0,0,0000-00-00 00:00:00,0000-00-00 00:00:00
263,2016/2/15,126.576,106.793,73.0111,0,0,6957.52,3067.44,19900.4,0,0,0000-00-00 00:00:00,0000-00-00 00:00:00
264,2016/2/17,121.098,105.241,69.9393,0,0,6656.39,3022.86,19063.1,0,0,0000-00-00 00:00:00,0000-00-00 00:00:00
265,2016/2/18,125.313,106.499,72.8083,0,0,6888.07,3059,19845.1,0,0,0000-00-00 00:00:00,0000-00-00 00:00:00
266,2016/2/19,120.309,104.28,69.6044,0,0,6613.01,2995.28,18971.8,0,0,0000-00-00 00:00:00,0000-00-00 00:00:00
267,2016/2/21,125.932,105.385,73.3085,0,0,6922.1,3027,19981.4,0,0,0000-00-00 00:00:00,0000-00-00 00:00:00
268,2016/2/22,125.247,105.088,73.2759,0,0,6884.47,3018.48,19972.6,0,0,0000-00-00 00:00:00,0000-00-00 00:00:00
269,2016/2/23,121.147,104.54,68.8379,0,0,6659.08,3002.72,18762.9,0,0,0000-00-00 00:00:00,0000-00-00 00:00:00
270,2016/2/24,124.268,105.67,70.3367,0,0,6830.63,3035.2,19171.4,0,0,0000-00-00 00:00:00,0000-00-00 00:00:00
271,2016/2/25,120.743,101.325,67.6108,0,0,6636.91,2910.4,18428.4,0,0,0000-00-00 00:00:00,0000-00-00 00:00:00
272,2016/2/26,129.73,103.476,78.1106,0,0,7130.89,2972.17,21290.3,0,0,0000-00-00 00:00:00,0000-00-00 00:00:00
273,2016/2/28,126.399,102.849,76.126,0,0,6947.79,2954.15,20749.4,0,0,0000-00-00 00:00:00,0000-00-00 00:00:00
274,2016/2/29,115.836,97.5964,69.3001,0,0,6367.15,2803.29,18888.9,0,0,0000-00-00 00:00:00,0000-00-00 00:00:00
275,2016/3/1,117.734,102.507,72.2078,0,0,6471.49,2944.33,19681.4,0,0,0000-00-00 00:00:00,0000-00-00 00:00:00
276,2016/3/2,116.474,102.603,69.1549,0,0,6402.23,2947.1,18849.3,0,0,0000-00-00 00:00:00,0000-00-00 00:00:00
277,2016/3/3,118.052,102.887,70.5546,0,0,6488.95,2955.24,19230.8,0,0,0000-00-00 00:00:00,0000-00-00 00:00:00
278,2016/3/4,115.223,101.641,66.3293,0,0,6333.48,2919.47,18079.1,0,0,0000-00-00 00:00:00,0000-00-00 00:00:00
279,2016/3/6,115.33,100.926,66.4124,0,0,6339.35,2898.92,18101.8,0,0,0000-00-00 00:00:00,0000-00-00 00:00:00
280,2016/3/7,116.02,101.128,65.6523,0,0,6377.29,2904.73,17894.6,0,0,0000-00-00 00:00:00,0000-00-00 00:00:00
281,2016/3/8,108.691,100.201,61.0957,0,0,5974.42,2878.11,16652.6,0,0,0000-00-00 00:00:00,0000-00-00 00:00:00
282,2016/3/9,112.866,103.855,64.3753,0,0,6203.94,2983.05,17546.5,0,0,0000-00-00 00:00:00,0000-00-00 00:00:00
283,2016/3/10,113.61,105.732,67.9412,0,0,6244.81,3036.97,18518.5,0,0,0000-00-00 00:00:00,0000-00-00 00:00:00
284,2016/3/11,112.25,104.609,66.3384,0,0,6170.03,3004.7,18081.6,0,0,0000-00-00 00:00:00,0000-00-00 00:00:00
285,2016/3/12,114.323,104.049,65.8497,0,0,6284,2988.62,17948.4,0,0,0000-00-00 00:00:00,0000-00-00 00:00:00
286,2016/3/14,121.356,104.552,71.605,0,0,6670.59,3003.07,19517.1,0,0,0000-00-00 00:00:00,0000-00-00 00:00:00
287,2016/3/15,123.381,105.614,72.7293,0,0,6781.87,3033.57,19823.6,0,0,0000-00-00 00:00:00,0000-00-00 00:00:00
288,2016/3/16,125.91,106.235,74.3455,0,0,6920.89,3051.41,20264.1,0,0,0000-00-00 00:00:00,0000-00-00 00:00:00
289,2016/3/17,130.998,109.56,77.4098,0,0,7200.56,3146.93,21099.3,0,0,0000-00-00 00:00:00,0000-00-00 00:00:00
290,2016/3/18,131.091,108.837,77.5776,0,0,7205.67,3126.15,21145.1,0,0,0000-00-00 00:00:00,0000-00-00 00:00:00
291,2016/3/19,129.404,108.414,78.3494,0,0,7112.94,3114,21355.4,0,0,0000-00-00 00:00:00,0000-00-00 00:00:00
292,2016/3/21,128.396,106.951,77.8173,0,0,7057.56,3071.97,21210.4,0,0,0000-00-00 00:00:00,0000-00-00 00:00:00
293,2016/3/22,127.395,107.949,77.9175,0,0,7002.53,3100.63,21237.7,0,0,0000-00-00 00:00:00,0000-00-00 00:00:00
294,2016/3/23,125.223,106.052,74.8108,0,0,6883.15,3046.17,20390.9,0,0,0000-00-00 00:00:00,0000-00-00 00:00:00
295,2016/3/24,126.043,107.188,75.0758,0,0,6928.2,3078.79,20463.1,0,0,0000-00-00 00:00:00,0000-00-00 00:00:00
296,2016/3/25,124.985,107.122,73.6973,0,0,6870.08,3076.89,20087.4,0,0,0000-00-00 00:00:00,0000-00-00 00:00:00
297,2016/3/27,126.812,108.579,74.3851,0,0,6970.49,3118.74,20274.9,0,0,0000-00-00 00:00:00,0000-00-00 00:00:00
298,2016/3/28,127.527,109.116,75.3512,0,0,7009.78,3134.17,20538.2,0,0,0000-00-00 00:00:00,0000-00-00 00:00:00
299,2016/3/29,112.072,105.457,63.9112,0,0,6160.29,3029.06,17420.1,0,0,0000-00-00 00:00:00,0000-00-00 00:00:00
300,2016/3/30,111.685,105.442,63.4124,0,0,6139.01,3028.63,17284.1,0,0,0000-00-00 00:00:00,0000-00-00 00:00:00
301,2016/3/31,121.024,111.073,73.4285,0,0,6652.34,3190.37,20014.1,0,0,0000-00-00 00:00:00,0000-00-00 00:00:00
302,2016/4/1,120.659,109.797,72.4253,0,0,6632.25,3153.73,19740.7,0,0,0000-00-00 00:00:00,0000-00-00 00:00:00
303,2016/4/3,118.297,108.43,70.3218,0,0,6502.43,3114.45,19167.4,0,0,0000-00-00 00:00:00,0000-00-00 00:00:00
304,2016/4/4,117.808,108.718,67.5836,0,0,6475.54,3122.73,18421,0,0,0000-00-00 00:00:00,0000-00-00 00:00:00
305,2016/4/5,120.376,110.532,66.4825,0,0,6616.72,3174.85,18120.9,0,0,0000-00-00 00:00:00,0000-00-00 00:00:00
306,2016/4/6,120.156,109.362,67.0034,0,0,6604.63,3141.23,18262.9,0,0,0000-00-00 00:00:00,0000-00-00 00:00:00
307,2016/4/7,121.118,109.686,67.0989,0,0,6657.5,3150.53,18288.9,0,0,0000-00-00 00:00:00,0000-00-00 00:00:00
308,2016/4/8,122.859,110.033,66.1672,0,0,6753.19,3160.5,18035,0,0,0000-00-00 00:00:00,0000-00-00 00:00:00
309,2016/4/10,121.286,108.032,62.0786,0,0,6666.72,3103.04,16920.5,0,0,0000-00-00 00:00:00,0000-00-00 00:00:00
310,2016/4/11,121.239,108.002,62.0088,0,0,6664.14,3102.16,16901.5,0,0,0000-00-00 00:00:00,0000-00-00 00:00:00
311,2016/4/12,120.876,109.181,64.0225,0,0,6644.18,3136.02,17450.4,0,0,0000-00-00 00:00:00,0000-00-00 00:00:00
312,2016/4/13,124.274,112.113,66.6216,0,0,6830.99,3220.24,18158.8,0,0,0000-00-00 00:00:00,0000-00-00 00:00:00
313,2016/4/14,126.075,112.803,67.8129,0,0,6929.98,3240.06,18483.5,0,0,0000-00-00 00:00:00,0000-00-00 00:00:00
314,2016/4/15,134.929,133.496,75.1402,0,0,7416.63,3834.43,20480.7,0,0,0000-00-00 00:00:00,0000-00-00 00:00:00
315,2016/4/18,122.457,110.376,68.5947,0,0,6731.07,3170.35,18696.6,0,0,0000-00-00 00:00:00,0000-00-00 00:00:00
316,2016/4/19,122.754,111.767,68.1954,0,0,6747.41,3210.31,18587.8,0,0,0000-00-00 00:00:00,0000-00-00 00:00:00
317,2016/4/20,123.545,111.732,68.096,0,0,6790.89,3209.3,18560.7,0,0,0000-00-00 00:00:00,0000-00-00 00:00:00
318,2016/4/21,120.47,109.429,66.9142,0,0,6621.9,3143.16,18238.6,0,0,0000-00-00 00:00:00,0000-00-00 00:00:00
319,2016/4/22,119.293,107.555,66.0574,0,0,6557.2,3089.33,18005,0,0,0000-00-00 00:00:00,0000-00-00 00:00:00
320,2016/4/24,121.539,108.505,68.2865,0,0,6680.62,3116.63,18612.6,0,0,0000-00-00 00:00:00,0000-00-00 00:00:00
321,2016/4/25,117.751,104.95,65.0017,0,0,6472.41,3014.52,17717.3,0,0,0000-00-00 00:00:00,0000-00-00 00:00:00
322,2016/4/26,121.633,107.935,69.2911,0,0,6685.79,3100.24,18886.4,0,0,0000-00-00 00:00:00,0000-00-00 00:00:00
323,2016/4/27,121.673,107.94,68.6804,0,0,6687.99,3100.4,18720,0,0,0000-00-00 00:00:00,0000-00-00 00:00:00
324,2016/4/28,121.479,107.789,69.4606,0,0,6677.32,3096.06,18932.6,0,0,0000-00-00 00:00:00,0000-00-00 00:00:00
325,2016/5/1,118.713,106.228,67.8416,0,0,6525.33,3051.22,18491.3,0,0,0000-00-00 00:00:00,0000-00-00 00:00:00
326,2016/5/3,118.879,106.454,64.7878,0,0,6534.42,3057.7,17659,0,0,0000-00-00 00:00:00,0000-00-00 00:00:00
327,2016/5/4,119.129,106.832,65.4613,0,0,6548.19,3068.56,17842.6,0,0,0000-00-00 00:00:00,0000-00-00 00:00:00
328,2016/5/5,120.274,107.382,66.4705,0,0,6611.11,3084.35,18117.6,0,0,0000-00-00 00:00:00,0000-00-00 00:00:00
329,2016/5/6,121.213,107.529,66.127,0,0,6662.74,3088.59,18024,0,0,0000-00-00 00:00:00,0000-00-00 00:00:00
330,2016/5/8,123.332,107.265,65.9825,0,0,6779.17,3081.01,17984.6,0,0,0000-00-00 00:00:00,0000-00-00 00:00:00
331,2016/5/9,122.142,107.845,64.4875,0,0,6713.77,3097.67,17577.1,0,0,0000-00-00 00:00:00,0000-00-00 00:00:00
332,2016/5/10,121.871,108.03,66.6789,0,0,6698.91,3102.99,18174.4,0,0,0000-00-00 00:00:00,0000-00-00 00:00:00
333,2016/5/11,122.532,109.517,68.3617,0,0,6735.24,3145.67,18633.1,0,0,0000-00-00 00:00:00,0000-00-00 00:00:00
334,2016/5/12,123.099,109.476,68.2766,0,0,6766.41,3144.5,18609.9,0,0,0000-00-00 00:00:00,0000-00-00 00:00:00
335,2016/5/13,118.592,106.163,63.9601,0,0,6518.64,3049.35,17433.4,0,0,0000-00-00 00:00:00,0000-00-00 00:00:00
336,2016/5/15,118.558,106.292,63.9163,0,0,6516.76,3053.05,17421.4,0,0,0000-00-00 00:00:00,0000-00-00 00:00:00
337,2016/5/16,119.884,108.281,67.037,0,0,6589.64,3110.19,18272,0,0,0000-00-00 00:00:00,0000-00-00 00:00:00
338,2016/5/17,118.712,106.832,67.2336,0,0,6525.27,3068.56,18325.6,0,0,0000-00-00 00:00:00,0000-00-00 00:00:00
339,2016/5/18,114.209,102.342,63.305,0,0,6277.75,2939.58,17254.8,0,0,0000-00-00 00:00:00,0000-00-00 00:00:00
340,2016/5/19,120.966,106.828,67.3588,0,0,6649.14,3068.46,18359.8,0,0,0000-00-00 00:00:00,0000-00-00 00:00:00
341,2016/5/20,117.804,105.06,66.446,0,0,6475.35,3017.67,18110.9,0,0,0000-00-00 00:00:00,0000-00-00 00:00:00
342,2016/5/22,119.063,105.419,67.8656,0,0,6544.55,3027.98,18497.9,0,0,0000-00-00 00:00:00,0000-00-00 00:00:00
343,2016/5/23,119.326,105.587,66.9682,0,0,6559.01,3032.8,18253.3,0,0,0000-00-00 00:00:00,0000-00-00 00:00:00
344,2016/5/24,112.081,98.2146,65.5378,0,0,6160.76,2821.04,17863.4,0,0,0000-00-00 00:00:00,0000-00-00 00:00:00
345,2016/5/25,124.387,104.85,80.247,0,0,6837.19,3011.64,21872.6,0,0,0000-00-00 00:00:00,0000-00-00 00:00:00
346,2016/5/26,124.205,105.927,79.6743,0,0,6827.21,3042.57,21716.5,0,0,0000-00-00 00:00:00,0000-00-00 00:00:00
347,2016/5/27,122.981,105.816,77.9965,0,0,6759.91,3039.37,21259.2,0,0,0000-00-00 00:00:00,0000-00-00 00:00:00
348,2016/5/30,123.836,104.36,79.9376,0,0,6806.93,2997.55,21788.3,0,0,0000-00-00 00:00:00,0000-00-00 00:00:00
349,2016/5/31,122.463,104.006,79.309,0,0,6731.42,2987.4,21617,0,0,0000-00-00 00:00:00,0000-00-00 00:00:00
350,2016/6/1,122.773,103.509,84.8083,0,0,6748.45,2973.11,23115.9,0,0,0000-00-00 00:00:00,0000-00-00 00:00:00
351,2016/6/2,122.447,102.646,87.1944,0,0,6730.54,2948.34,23766.3,0,0,0000-00-00 00:00:00,0000-00-00 00:00:00
352,2016/6/3,122.481,102.223,88.0984,0,0,6732.44,2936.18,24012.6,0,0,0000-00-00 00:00:00,0000-00-00 00:00:00
353,2016/6/6,125.075,104.194,90.4517,0,0,6875.01,2992.78,24654.1,0,0,0000-00-00 00:00:00,0000-00-00 00:00:00
354,2016/6/7,125.404,103.849,90.9837,0,0,6893.11,2982.89,24799.1,0,0,0000-00-00 00:00:00,0000-00-00 00:00:00
355,2016/6/8,116.676,103.645,75.0361,0,0,6413.31,2977.01,20452.3,0,0,0000-00-00 00:00:00,0000-00-00 00:00:00
356,2016/6/9,116.296,104.533,74.8063,0,0,6392.45,3002.53,20389.7,0,0,0000-00-00 00:00:00,0000-00-00 00:00:00
357,2016/6/10,117.473,105.441,75.7869,0,0,6457.14,3028.61,20657,0,0,0000-00-00 00:00:00,0000-00-00 00:00:00
358,2016/6/11,117.71,104.11,76.1402,0,0,6470.15,2990.38,20753.3,0,0,0000-00-00 00:00:00,0000-00-00 00:00:00
359,2016/6/13,117.71,104.11,76.1402,0,0,6470.15,2990.38,20753.3,0,0,0000-00-00 00:00:00,0000-00-00 00:00:00
360,2016/6/14,119.51,105.153,77.1155,0,0,6569.12,3020.33,21019.1,0,0,0000-00-00 00:00:00,0000-00-00 00:00:00
361,2016/6/15,119.972,106.02,77.2711,0,0,6594.53,3045.24,21061.5,0,0,0000-00-00 00:00:00,0000-00-00 00:00:00
362,2016/6/16,119.807,105.535,77.2126,0,0,6585.42,3031.31,21045.6,0,0,0000-00-00 00:00:00,0000-00-00 00:00:00
363,2016/6/19,114.46,102.336,69.6155,0,0,6291.53,2939.43,18974.8,0,0,0000-00-00 00:00:00,0000-00-00 00:00:00
364,2016/6/20,115.695,102.657,70.1003,0,0,6359.41,2948.65,19107,0,0,0000-00-00 00:00:00,0000-00-00 00:00:00
365,2016/6/21,117.834,105.157,72.2797,0,0,6477,3020.44,19701,0,0,0000-00-00 00:00:00,0000-00-00 00:00:00
366,2016/6/22,119.302,105.792,73.4042,0,0,6557.7,3038.69,20007.5,0,0,0000-00-00 00:00:00,0000-00-00 00:00:00
367,2016/6/23,118.58,105.547,73.6067,0,0,6517.97,3031.67,20062.7,0,0,0000-00-00 00:00:00,0000-00-00 00:00:00
368,2016/6/24,115.193,104.694,68.4432,0,0,6331.82,3007.17,18655.3,0,0,0000-00-00 00:00:00,0000-00-00 00:00:00
369,2016/6/27,114.687,103.751,68.7713,0,0,6304.01,2980.07,18744.7,0,0,0000-00-00 00:00:00,0000-00-00 00:00:00
370,2016/6/28,114.69,103.757,68.0042,0,0,6304.2,2980.24,18535.6,0,0,0000-00-00 00:00:00,0000-00-00 00:00:00
371,2016/6/29,115.419,104.066,68.0727,0,0,6344.22,2989.13,18554.3,0,0,0000-00-00 00:00:00,0000-00-00 00:00:00
372,2016/6/30,114.469,102.441,69.4098,0,0,6292.02,2942.43,18918.8,0,0,0000-00-00 00:00:00,0000-00-00 00:00:00
